Title,Authors,Contributors,ISBN/UID,Format,Read Status,Date Added,Last Date Read,Dates Read,Read Count,Moods,Pace,Character- or Plot-Driven?,Strong Character Development?,Loveable Characters?,Diverse Characters?,Flawed Characters?,Star Rating,Review,Content Warnings,Content Warning Description,Tags,Owned?
The Sixth Extinction: An Unnatural History,Elizabeth Kolbert,"",9780805092998,hardcover,to-read,2024/06/17,"","",0,"",,,,,,,,,"",,"",No
The Astonishing Color of After,Emily X.R. Pan,"",9780316463997,hardcover,to-read,2024/08/30,"","",0,"",,,,,,,,,"",,"",No
Parable of the Sower,Octavia E. Butler,"",9780446675505,paperback,to-read,2022/09/19,"","",0,"",,,,,,,,,"",,"",No
Please Report Your Bug Here,Josh Riedel,"",9781250813794,hardcover,to-read,2023/11/13,"","",0,"",,,,,,,,,"",,"",No
Fahrenheit 451,Ray Bradbury,"",9781451673319,paperback,to-read,2023/12/23,"","",0,"",,,,,,,,,"",,"",No
40 Rules of Love,Elif Shafak,"","",,to-read,2024/01/17,"","",0,"",,,,,,,,,"",,"",No
Kindred,Octavia E. Butler,"",9781472258229,paperback,to-read,2023/10/26,"","",0,"",,,,,,,,,"",,"",No
Happy Place,Emily Henry,"",9780593441275,hardcover,to-read,2024/10/11,"","",0,"",,,,,,,,,"",,"",No
The Butterfly Lion,Michael Morpurgo,"",9780670874613,hardcover,to-read,2022/09/21,"","",0,"",,,,,,,,,"",,"",No
The Righteous Mind: Why Good People Are Divided by Politics and Religion,Jonathan Haidt,"",9780307907035,digital,to-read,2023/08/07,"","",0,"",,,,,,,,,"",,"",No
The Guest Cat,Takashi Hiraide,Eric Selland (Translator),9780811221504,paperback,read,2024/10/07,2024/10/08,2024/10/07-2024/10/08,1,"funny, sad, reflective, emotional",medium,A mix,No,Yes,No,"",5.0,"<div>I loved this book, it was so hygge and cute and sad and wholesome and now I miss my cat ðŸ˜¢</div>","","","",Yes
Conversations on Love,Natasha Lunn,"",9780241448731,hardcover,to-read,2022/09/19,"","",0,"",,,,,,,,,"",,"",No
The Man Who Mistook His Wife for a Hat and Other Clinical Tales,Oliver Sacks,"",9780684853949,paperback,to-read,2024/06/15,"","",0,"",,,,,,,,,"",,"",No
Good Intentions,Kasim Ali,"",9780008450656,hardcover,read,2022/09/21,2022/10/07,2022/10/06-2022/10/07,1,"",,"","","","","",4.75,"","","","",No
Your Brain's Not Broken: Strategies for Navigating Your Emotions and Life with ADHD,Tamara Rosier,"",9780800739423,paperback,to-read,2023/08/20,"","",0,"",,,,,,,,,"",,"",No
The Little Paris Bookshop,Nina George,"",9780553418774,hardcover,to-read,2022/09/20,"","",0,"",,,,,,,,,"",,"",No
The Bluest Eye,Toni Morrison,"",9780452287068,paperback,to-read,2022/09/19,"","",0,"",,,,,,,,,"",,"",No
We Are All Birds of Uganda,Hafsa Zayyan,"",9781529118643,hardcover,to-read,2023/10/26,"","",0,"",,,,,,,,,"",,"",No
1984,George Orwell,"",9780452262935,paperback,to-read,2024/08/06,"","",0,"",,,,,,,,,"",,"",No
"Hi, Anxiety: Life with a Bad Case of Nerves",Kat Kinsman,"",9780062369680,hardcover,to-read,2024/10/11,"","",0,"",,,,,,,,,"",,"",Yes
A Tale of Two Cities,Charles Dickens,Richard Maxwell (Contributor),9780141439600,paperback,to-read,2024/01/07,"","",0,"",,,,,,,,,"",,"",No
The Expectation Effect: How Your Mindset Can Change Your World,David Robson,"",9781250827630,hardcover,to-read,2024/03/18,"","",0,"",,,,,,,,,"",,"",No
Turtles All the Way Down,John Green,"",9780525555360,hardcover,read,2022/09/19,2021,2021,1,"",,,,,,,,,"",,"",No
The Pathless Path: Imagining a New Story For Work and Life,Paul Millerd,"",9798985515305,paperback,to-read,2023/03/31,"","",0,"",,,,,,,,,"",,"",No
What We Fed to the Manticore,Talia Lakshmi Kolluri,"",9781953534415,paperback,read,2024/08/13,2024/08/31,2024/08/28-2024/08/31,1,"",,,,,,,,,"",,"",No
Breasts and Eggs,Mieko Kawakami,"Sam Bett (Translator), David Boyd (Translator)",9781609455873,hardcover,to-read,2023/10/15,"","",0,"",,,,,,,,,"",,"",No
Starfall,Brenda Hiatt,"",,digital,read,2022/09/30,2023/12/28,2023/12/21-2023/12/28,2,"",,,,,,,,,"",,"",No
M Train: A Memoir,"Patti Smith, Patti Smith","",,digital,currently-reading,2024/10/07,"","",0,"",,,,,,,,,"",,"",Yes
My Year Abroad,Chang-rae Lee,"",9780593396025,paperback,to-read,2024/06/17,"","",0,"",,,,,,,,,"",,"",No
I Who Have Never Known Men,Jacqueline Harpman,"Ros Schwartz (Translator), Sophie Mackintosh (Contributor)",9781529111798,paperback,to-read,2024/06/05,"","",0,"",,,,,,,,,"",,"",No
Expectation,Anna Hope,"",9780857524904,hardcover,to-read,2023/03/31,"","",0,"",,,,,,,,,"",,"",No
Tea with Elephants,Robin Jones Gunn,"",9780800744823,paperback,to-read,2024/10/11,"","",0,"",,,,,,,,,"",,"",No
Assembly,Natasha Brown,"",9780241515709,hardcover,to-read,2022/09/19,"","",0,"",,,,,,,,,"",,"",No
Mr. Penumbra's 24-Hour Bookstore,Robin Sloan,"",9780374214913,hardcover,read,2022/09/26,2022/09/29,2022/09/25-2022/09/29,1,"",,"","","","","",3.0,"","","","",No
What You Are Looking For is in the Library,Michiko Aoyama,Alison Watts (Translator),9780857529121,hardcover,to-read,2023/10/17,"","",0,"",,,,,,,,,"",,"",No
Stoner,John Williams,John McGahern (Contributor),9781590171998,paperback,to-read,2024/08/17,"","",0,"",,,,,,,,,"",,"",No
My Holiday in North Korea: The Funniest/Worst Place on Earth,Wendy E. Simmons,"",9780795347047,paperback,to-read,2024/09/09,"","",0,"",,,,,,,,,"",,"",No
I Know Why the Caged Bird Sings,Maya Angelou,"",9780860685111,paperback,to-read,2023/10/26,"","",0,"",,,,,,,,,"",,"",No
The Catcher in the Rye,J.D. Salinger,"",9780316769174,paperback,read,2022/09/20,2021,2021,1,"",,,,,,,,,"",,"",No
"The Courage To Be Disliked: How to free yourself, change your life and achieve real happiness","Ichiro Kishimi, Fumitake Koga","",9781760630737,paperback,to-read,2022/09/19,"","",0,"",,,,,,,,,"",,"",No
Before the Coffee Gets Cold,Toshikazu Kawaguchi,Geoffrey Trousselot (Translator),9781529029581,paperback,read,2022/09/19,2022/10/03,2022/09/29-2022/10/03,1,"",,"","","","","",3.25,"","","","",No
"Someday Is Today: 22 Simple, Actionable Ways to Propel Your Creative Life","Matthew Shepard, Matthew Dicks, Elysha Dicks","",9781608687503,paperback,to-read,2024/04/04,"","",1,"",,,,,,,,,"",,"",No
No Such Thing as Normal,Bryony Gordon,"",9781472290564,paperback,to-read,2023/09/28,"","",0,"",,,,,,,,,"",,"",No
Find Me,AndrÃ© Aciman,"",9780374155018,hardcover,to-read,2022/09/20,"","",0,"",,,,,,,,,"",,"",No
Maame,Jessica George,"",9781250282521,hardcover,to-read,2024/03/28,"","",0,"",,,,,,,,,"",,"",No
The Song of Achilles,Madeline Miller,"",9781408816035,hardcover,to-read,2022/09/19,"","",0,"",,,,,,,,,"",,"",No
Yellowface,R.F. Kuang,"",9780008532772,hardcover,read,2023/08/12,2024/09/01,2024/08/30-2024/09/01,1,"mysterious, informative",fast,A mix,No,"","","",4.25,"","","","",No
I'm a Fan,Sheena Patel,"",9781914236150,hardcover,to-read,2024/01/02,"","",0,"",,,,,,,,,"",,"",No
The City and Its Uncertain Walls,Haruki Murakami,"",9781787304475,hardcover,to-read,2024/08/16,"","",0,"",,,,,,,,,"",,"",No
The Valley of Amazement,Amy Tan,"",9780062107312,hardcover,to-read,2024/10/07,"","",0,"",,,,,,,,,"",,"",Yes
The Fall,Albert Camus,Justin O'Brien (Translator),9780679720225,paperback,to-read,2022/09/19,"","",0,"",,,,,,,,,"",,"",No
The Complete Maus,Art Spiegelman,"",9780141014081,paperback,to-read,2023/04/30,"","",0,"",,,,,,,,,"",,"",No
"Talking to My Daughter About the Economy: or, How Capitalism Worksâ€”And How It Fails",Yanis Varoufakis,"Yanis Varoufakis (Translator), Jacob Moe (Translator)",9780374538491,paperback,did-not-finish,2024/01/20,"","",0,"",,,,,,,,,"",,"",No
On Earth We're Briefly Gorgeous,Ocean Vuong,"",9780525562023,hardcover,did-not-finish,2022/09/19,"","",0,"",,,,,,,,,"",,"",No
Eleanor Oliphant Is Completely Fine,Gail Honeyman,"",9780735220683,hardcover,read,2023/06/26,2023/07/10,2023/06/26-2023/07/10,1,"",,,,,,,,,"",,"",No
The Circle,Dave Eggers,"",9780241146507,paperback,to-read,2023/10/26,"","",0,"",,,,,,,,,"",,"",No
Stumbling on Happiness,Daniel Gilbert,"",9781400077427,paperback,to-read,2024/03/18,"","",0,"",,,,,,,,,"",,"",No
The Innovator's Dilemma: The Revolutionary Book that Will Change the Way You Do Business,Clayton M. Christensen,L.J. Ganser,9780060521998,paperback,to-read,2024/03/18,"","",0,"",,,,,,,,,"",,"",No
"The Calcutta Chromosome: A Novel of Fevers, Delirium & Discovery",Amitav Ghosh,"",9780380813940,paperback,to-read,2022/09/19,"","",0,"",,,,,,,,,"",,"",No
Alone With You in the Ether,Olivie Blake,"",9798655480407,paperback,to-read,2024/01/02,"","",0,"",,,,,,,,,"",,"",No
The Upside of Uncertainty: A Guide to Finding Possibility in the Unknown,Nathan R Furr,"",9781647823016,hardcover,did-not-finish,2024/04/17,"","",0,"",,,,,,,,,"",,"",No
The Wife,Meg Wolitzer,"",9780743456661,paperback,did-not-finish,2023/05/20,"","",0,"",,,,,,,,,"",,"",No
The Ocean at the End of the Lane,Neil Gaiman,Neil Gaiman (Narrator),9780062255686,audio,did-not-finish,2024/09/10,"","",0,"",,,,,,,,,"",,"",No
The Goldfinch,Donna Tartt,"",9780316055437,hardcover,to-read,2023/12/23,"","",0,"",,,,,,,,,"",,"",No
Anna Karenina,Leo Tolstoy,"Richard Pevear (Translator), Larissa Volokhonsky (Translator)",9780143035008,paperback,to-read,2024/08/17,"","",0,"",,,,,,,,,"",,"",No
Going Solo,Zoe Sugg,"",9780141372174,hardcover,read,2022/09/30,"","",1,"",,,,,,,,,"",,"",No
The Checklist Manifesto: How to Get Things Right,Atul Gawande,"",9780805091748,hardcover,read,2022/09/19,2021,2021,1,"",,,,,,,,,"",,"",No
Monkey Grip,Helen Garner,"",9780140049534,paperback,to-read,2024/08/31,"","",0,"",,,,,,,,,"",,"",No
White Nights,Fyodor Dostoevsky,O.N. Shartse (Translator),"",hardcover,to-read,2024/04/27,"","",0,"",,,,,,,,,"",,"",No
Such a Fun Age,Kiley Reid,"",9780525541929,digital,read,2022/09/19,2021,2021,1,"",,"","","","","",4.25,"","","","",No
The Death of Ivan Ilych,Leo Tolstoy,"Aylmer Maude (Translator), Î•Ï…Î³ÎµÎ½Î¯Î± Î–Î®ÎºÎ¿Ï… (Translator), Ø±Ø¶ÛŒ Ù‡ÛŒØ±Ù…Ù†Ø¯ (Translator)",9781600964336,paperback,to-read,2024/01/02,"","",0,"",,,,,,,,,"",,"",No
Early Morning Riser,Katherine Heiny,"",9780525659341,hardcover,to-read,2022/09/19,"","",0,"",,,,,,,,,"",,"",No
In a New York Minute,Kate Spencer,"","",digital,did-not-finish,2022/09/19,"","",0,"",,,,,,,,,"",,"",No
"Slow Days, Fast Company. The World, the Flesh, and L.A.",Eve Babitz,Matthew Specktor (Contributor),9781681370088,paperback,to-read,2023/08/07,"","",0,"",,,,,,,,,"",,"",No
Pet Sematary,Stephen King,"",9781529378306,paperback,to-read,2022/09/21,"","",0,"",,,,,,,,,"",,"",No
Starcrossed,Brenda Hiatt,"",,digital,read,2022/09/30,2023/12/18,2023/12/10-2023/12/18,2,"",,,,,,,,,"",,"",No
The Art and Business of Online Writing: How to Beat the Game of Capturing and Keeping Attention,Nicolas Cole,"",B08GZK274F,digital,to-read,2023/03/31,"","",0,"",,,,,,,,,"",,"",No
The Idiot,Elif Batuman,"",9781594205613,hardcover,to-read,2024/01/07,"","",0,"",,,,,,,,,"",,"",No
The Guest,Emma Cline,"",9781784743734,hardcover,read,2024/09/01,2024/09/16,2024/09/01-2024/09/16,1,"",,"","","","","",3.75,"","","","",No
Beyond Wealth: The Road Map to a Rich Life,Alexander Green,"",9781118027615,hardcover,to-read,2023/03/31,"","",0,"",,,,,,,,,"",,"",No
All About Love: New Visions,bell hooks,January LaVoy (Narrator),9780063342699,audio,did-not-finish,2024/10/11,"","",0,"",,,,,,,,<div>not for me</div>,"","","",No
A Tree Grows in Brooklyn,Betty Smith,"",9780061120077,paperback,to-read,2024/01/12,"","",0,"",,,,,,,,,"",,"",No
Meditations,Marcus Aurelius,Martin Hammond (Translator),9780140449334,paperback,to-read,2023/05/20,"","",0,"",,,,,,,,,"",,"",No
East of Eden,John Steinbeck,"",9780142000656,paperback,to-read,2023/05/17,"","",0,"",,,,,,,,,"",,"",No
Starbound: A Startruck Novel,Brenda Hiatt,"",9781940618067,paperback,read,2023/12/19,2023/12/21,2023/12/18-2023/12/21,1,"",,,,,,,,,"",,"",No
Know My Name,Chanel Miller,"",9780735223714,digital,did-not-finish,2024/10/08,"","",0,"",,,,,,,,<div>Too heavy&nbsp;</div>,"","","",No
The Little Book of Hygge: The Danish Way to Live Well,Meik Wiking,"",9780241283912,hardcover,read,2023/05/11,2023/05/10,2023/05/10-2023/05/10,1,"",,,,,,,5.0,"","","","",No
Show Your Work!: 10 Ways to Share Your Creativity and Get Discovered,Austin Kleon,"",9780761178972,paperback,read,2022/09/19,2022/05,2022/05,1,"",,,,,,,3.75,"","","","",No
The Assembly of the Severed Head,Hugh Lupton,"",,,to-read,2023/05/20,"","",0,"",,,,,,,,,"",,"",No
Five Survive,Holly Jackson,"",9780593374160,hardcover,read,2023/04/02,2023/04/03,2023/03/31-2023/04/03,1,"",,"","","","","",3.75,"","","","",No
Our Wives Under The Sea,Julia Armfield,"",9781529017236,hardcover,to-read,2022/09/19,"","",0,"",,,,,,,,,"",,"",No
How Should a Person Be?,Sheila Heti,"",9780887842405,hardcover,read,2022/09/19,2022/06,2022/06,1,"",,"","","","","",2.0,"","","","",No
The Hitchhiker's Guide to the Galaxy,Douglas Adams,"",9780345418913,paperback,read,2022/09/19,2022/09/22,2022/09/20-2022/09/22,1,"",,"","","","","",3.0,"","","","",No
The French Lieutenant's Woman,John Fowles,"","",paperback,to-read,2022/09/19,"","",0,"",,,,,,,,,"",,"",No
On Tour,Zoe Sugg,"","",paperback,read,2022/09/30,"","",1,"",,,,,,,,,"",,"",No
"Brilliant, Brilliant, Brilliant Brilliant Brilliant",Joel Golby,"",9780525562771,paperback,to-read,2024/01/07,"","",0,"",,,,,,,,,"",,"",No
The Defining Decade: Why Your Twenties Matterâ€”And How to Make the Most of Them Now,Meg Jay,"",B005SCSCAU,digital,did-not-finish,2023/12/31,"","",0,"",,,,,,,,,"",,"",No
Crying in H Mart,Michelle Zauner,"",9780525657743,hardcover,read,2023/12/23,2024/06/14,2024/06/14-2024/06/14,1,"",,,,,,,5.0,"","","","",No
The Lowland,Jhumpa Lahiri,"",9780307265746,hardcover,to-read,2022/09/19,"","",0,"",,,,,,,,,"",,"",No
"Think & Trade Like a Champion: The Secrets, Rules & Blunt Truths of a Stock Market Wizard",Mark Minervini,"",,,to-read,2024/06/07,"","",0,"",,,,,,,,,"",,"",No
The Rosie Project,Graeme Simsion,"",9781476729084,hardcover,read,2022/09/19,2022/05,2022/05,1,"",,"","","","","",3.25,"","","","",No
"Not That Kind of Girl: A Young Woman Tells You What She's ""learned""",Lena Dunham,Joana Avillez (Illustrator),9780812994995,hardcover,read,2022/09/19,2021,2021,1,"",,,,,,,4.0,"","","","",Yes
Money: A User's Guide,Laura Whateley,"",9780008420321,digital,to-read,2023/03/31,"","",0,"",,,,,,,,,"",,"",No
All About Love: New Visions,bell hooks,"",9780688168445,hardcover,to-read,2023/09/28,"","",0,"",,,,,,,,,"",,"",No
Small Things Like These,Claire Keegan,"",9780571368686,hardcover,to-read,2024/01/02,"","",0,"",,,,,,,,,"",,"",No
The Obstacle Is the Way: The Timeless Art of Turning Trials Into Triumph,Ryan Holiday,"",9781591846352,hardcover,to-read,2023/05/20,"","",0,"",,,,,,,,,"",,"",No
Glory,NoViolet Bulawayo,Chipo Chung (Narrator),9781473599024,audio,to-read,2023/03/31,"","",0,"",,,,,,,,,"",,"",No
Galatea,Madeline Miller,"",9781408848142,digital,to-read,2022/09/20,"","",0,"",,,,,,,,,"",,"",No
"Many Lives, Many Masters: The True Story of a Prominent Psychiatrist, His Young Patient, and the Past Life Therapy That Changed Both Their Lives",Brian L. Weiss,"",9780446520591,hardcover,to-read,2024/05/19,"","",0,"",,,,,,,,,"",,"",No
What We Talk about When We Talk about Love,Raymond Carver,"",9780679723059,paperback,read,2022/10/07,2023/04/05,2023/04/02-2023/04/05,1,"",,,,,,,,,"",,"",No
Nightbitch,Rachel Yoder,"",9780385546812,hardcover,to-read,2024/09/01,"","",0,"",,,,,,,,,"",,"",No
The Eye of the World,Robert Jordan,"",9780812511819,paperback,to-read,2022/09/20,"","",0,"",,,,,,,,,"",,"",No
Open Water,Caleb Azumah Nelson,"",9780241448779,hardcover,read,2022/09/19,2022/09/17,2022/09/17,1,"",,"","","","","",5.0,"","","","",No
A Man Called Ove,Fredrik Backman,Henning Koch (Translator),9781476738017,hardcover,read,2022/09/26,2022/09/28,2022/09/26-2022/09/28,1,"",,"","","","","",3.0,"","","","",No
Lessons in Chemistry,Bonnie Garmus,"",9780385547345,hardcover,read,2023/09/29,2023/10/12,2023/09/29-2023/10/12,1,"",,"","","","","",5.0,"","","","",No
Almond,Won-pyung Sohn,Sandy Joosun Lee (Translator),9780062961372,hardcover,read,2024/01/02,2024/01/23,2024/01/20-2024/01/23,1,"",,,,,,,,,"",,"",No
Talking to Strangers: What We Should Know about the People We Don't Know,Malcolm Gladwell,"",9780316478526,hardcover,to-read,2023/10/15,"","",0,"",,,,,,,,,"",,"",No
Cleopatra and Frankenstein,Coco Mellors,"",9781635576818,hardcover,to-read,2022/09/19,"","",0,"",,,,,,,,,"",,"",No
Bunny,Mona Awad,"",9780525559733,hardcover,read,2023/10/15,2024/08/15,2024/08/02-2024/08/15,1,"dark, tense",,"","","","","",3.75,"","","","",No
They Both Die at the End,Adam Silvera,"",9780062457790,hardcover,did-not-finish,2022/09/19,"","",0,"",,,,,,,,,"",,"",No
I Want to Die but I Want to Eat Tteokbokki,Baek Se-hee,Anton Hur (Translator),9781635579383,hardcover,did-not-finish,2024/06/15,"","",0,"",,,,,,,,,"",,"",No
Bright Young Women,Jessica Knoll,"",9781501153228,hardcover,read,2024/01/07,2024/08/28,2024/08/19-2024/08/28,1,"",,,,,,,,,"",,"",No
Man's Search for Meaning,Viktor E. Frankl,"Isle Lasch (Translator), Harold S. Kushner (Contributor), William J. Winslade (Contributor)",9780807014295,paperback,did-not-finish,2022/09/19,"","",0,"",,,,,,,,,"",,"",No
"Beautiful World, Where Are You",Sally Rooney,"",9780374602604,hardcover,read,2022/09/19,2022/09/20,2022/09/19-2022/09/20,1,"",,"","","","","",3.5,"","","","",No
Educated,Tara Westover,"",9780525510673,paperback,read,2023/03/30,2023/03/29,2023/03/20-2023/03/29,1,"",,,,,,,5.0,"","","","",No
Boy Parts,Eliza Clark,"",9781910312643,digital,to-read,2022/09/19,"","",0,"",,,,,,,,,"",,"",No
Kids Run the Show,Delphine de Vigan,Alison Anderson (Translator),9781787704893,paperback,to-read,2024/10/07,"","",0,"",,,,,,,,,"",,"",No
Defending Jacob,William Landay,"",9780385344227,hardcover,read,2024/09/10,2024/09/11,2024/09/10-2024/09/11,1,"",,"","","","","",4.0,"","","","",No
The House in the Cerulean Sea,TJ Klune,"",9781250217325,digital,to-read,2022/09/19,"","",0,"",,,,,,,,,"",,"",No
Denial: Holocaust History on Trial,Deborah E. Lipstadt,"",9780062659651,paperback,to-read,2023/05/15,"","",0,"",,,,,,,,,"",,"",No
The Psychology of Money,Morgan Housel,"",,paperback,did-not-finish,2022/09/19,"","",0,"",,,,,,,,,"",,"",No
The Martian,Andy Weir,"",9780804139021,hardcover,read,2022/09/30,"","",1,"",,,,,,,,,"",,"",No
Interpreter of Maladies,Jhumpa Lahiri,"",9780618101368,hardcover,to-read,2023/08/12,"","",0,"",,,,,,,,,"",,"",No
This Is How You Lose the Time War,"Max Gladstone, Amal El-Mohtar","",9781534431010,digital,to-read,2023/10/15,"","",0,"",,,,,,,,,"",,"",No
"The Commitment: Love, Sex, Marriage, and My Family",Dan Savage,"",9780452287631,paperback,to-read,2023/09/28,"","",0,"",,,,,,,,,"",,"",No
Norwegian Wood,Haruki Murakami,Jay Rubin (Translator),9780375704024,paperback,to-read,2022/09/19,"","",0,"",,,,,,,,,"",,"",No
Why Has Nobody Told Me This Before?,Julie Smith,"",9780063227934,hardcover,to-read,2024/03/25,"","",0,"",,,,,,,,,"",,"",No
Girl Online,Zoe Sugg,Siobhan Curham,9780141357270,hardcover,read,2022/09/30,"","",1,"",,,,,,,,,"",,"",No
"How to Be a Person: The Stranger's Guide to College, Sex, Intoxicants, Tacos, and Life Itself","Christopher Frizzelle, Dan Savage, Lindy West","",9781570617782,paperback,to-read,2023/09/28,"","",0,"",,,,,,,,,"",,"",No
The Happiness Advantage: How a Positive Brain Fuels Success in Work and Life,Shawn Achor,"",9780307591562,digital,to-read,2024/04/20,"","",0,"",,,,,,,,,"",,"",No
"The Upside of Stress: Why Stress Is Good for You, and How to Get Good at It",Kelly McGonigal,"",9781583335611,hardcover,to-read,2024/03/18,"","",0,"",,,,,,,,,"",,"",No
Unaccustomed Earth,Jhumpa Lahiri,"",9780676979343,hardcover,to-read,2023/12/23,"","",0,"",,,,,,,,,"",,"",No
The Ocean at the End of the Lane,Neil Gaiman,"",9780062255655,hardcover,to-read,2024/08/17,"","",0,"",,,,,,,,,"",,"",No
Remarkably Bright Creatures,Shelby Van Pelt,"",9780063204157,hardcover,to-read,2023/11/04,"","",0,"",,,,,,,,,"",,"",No
Kensuke's Kingdom,Michael Morpurgo,Michael Foreman (Illustrator),9781405221740,paperback,to-read,2022/09/21,"","",0,"",,,,,,,,,"",,"",No
Everything I Know About Love: A Memoir,Dolly Alderton,"",9780062968784,hardcover,to-read,2022/10/06,"","",0,"",,,,,,,,,"",,"",No
West Heart Kill,Dann McDorman,"",9780593537572,hardcover,to-read,2024/10/07,"","",0,"",,,,,,,,,"",,"",No
Sula,Toni Morrison,"",9780452283862,paperback,to-read,2024/01/02,"","",0,"",,,,,,,,,"",,"",No
Working on a Song: The Lyrics of Hadestown,AnaÃ¯s Mitchell,Steve Earle,9780593182574,paperback,to-read,2024/05/12,"","",0,"",,,,,,,,,"",,"",No
Another Brooklyn,Jacqueline Woodson,"",9780062359988,hardcover,to-read,2024/01/02,"","",0,"",,,,,,,,,"",,"",No
Project Hail Mary,Andy Weir,"",9780593135204,hardcover,did-not-finish,2023/12/23,"","",0,"",,,,,,,,<div>Idk wasn't interesting enough midway through</div>,"","","",No
"20,000 Thousand Leagues Under the Sea",Jules Verne,"",9781433213526,audio,to-read,2024/06/22,"","",0,"",,,,,,,,,"",,"",No
A Streetcar Named Desire,Tennessee Williams,"",9780822210894,paperback,to-read,2022/09/21,"","",0,"",,,,,,,,,"",,"",No
Flowers for Algernon,Daniel Keyes,"",9780063320222,paperback,read,2022/09/19,2023/10/15,2023/10/12-2023/10/15,1,"sad, reflective, emotional, challenging",,"","","","","",4.25,"","","","",No
The Vanishing Half,Brit Bennett,"",9780525536970,digital,read,2022/09/19,2022/09/25,2022/09/22-2022/09/25,1,"",,,,,,,,,"",,"",No
Normal People,Sally Rooney,"",9781984822178,hardcover,to-read,2022/09/19,"","",0,"",,,,,,,,,"",,"",No
Succeeding with Adult ADHD: Daily Strategies to Help You Achieve Your Goals and Manage Your Life,"Abigail Levrini, Frances Prevatt","",9781433811258,paperback,to-read,2023/08/20,"","",0,"",,,,,,,,,"",,"",No
The Red-Haired Woman,Orhan Pamuk,"","",audio,read,2022/09/21,2022/10/06,2022/10/03-2022/10/06,1,"",,"","","","","",3.25,"","","","",No
Pragmatic Thinking and Learning: Refactor Your Wetware,Andy Hunt,"",9781934356050,paperback,to-read,2022/09/19,"","",0,"",,,,,,,,,"",,"",No
Snow,Orhan Pamuk,Maureen Freely (Translator),0375706860,paperback,to-read,2022/09/21,"","",0,"",,,,,,,,,"",,"",No
Kaikeyi,Vaishnavi Patel,"",9780759557338,hardcover,did-not-finish,2023/05/18,"","",0,"",,,,,,,,,"",,"",No
By Grand Central Station I Sat Down and Wept,Elizabeth Smart,"",9780679738046,paperback,to-read,2024/01/02,"","",0,"",,,,,,,,,"",,"",No
Starstruck,Brenda Hiatt,"",,digital,read,2022/09/30,2023/12/10,2023/12/09-2023/12/10,2,"",,,,,,,,,"",,"",No
Listen for the Lie,Amy Tintera,"",9781250880314,hardcover,to-read,2024/08/16,"","",0,"",,,,,,,,,"",,"",No
The Perfect Marriage,Jeneva Rose,"",9781913419653,paperback,read,2023/03/31,2023/04/17,2023/04/16-2023/04/17,1,"",,,,,,,,,"",,"",No
The Engineer's Wife,Tracey Enerson Wood,"",9781492698135,hardcover,to-read,2024/01/12,"","",0,"",,,,,,,,,"",,"",No
The God of Small Things,Arundhati Roy,"",9780679457312,hardcover,to-read,2022/09/21,"","",0,"",,,,,,,,,"",,"",No
On the Genealogy of Morals,Friedrich Nietzsche,Douglas Smith,9780192836175,paperback,to-read,2024/03/18,"","",0,"",,,,,,,,,"",,"",No
We Were Liars,E. Lockhart,"",9780385741262,hardcover,read,2022/09/19,2022/10/08,2022/10/07-2022/10/08,1,"",,"","","","","",4.5,"","","","",No
Daisy Jones & The Six,Taylor Jenkins Reid,"",9781524798628,hardcover,to-read,2024/01/07,"","",0,"",,,,,,,,,"",,"",No
The Art of Loving,Erich Fromm,"Marion Hausner Pauck (Translator), Peter D. Kramer (Contributor), Rainer Funk (Contributor)",9780061129735,paperback,to-read,2023/09/28,"","",0,"",,,,,,,,,"",,"",No
The Seven Husbands of Evelyn Hugo,Taylor Jenkins Reid,"",9781501139239,hardcover,read,2022/09/19,2022/12/17,2022/12/14-2022/12/17,1,"",,"","","","","",4.5,"","","","",No
The Wonderful Story of Henry Sugar and Six More,Roald Dahl,"",9780375814235,hardcover,to-read,2022/10/09,"","",0,"",,,,,,,,,"",,"",No
Talking to My Daughter About the Economy: A Brief History of Capitalism,Yanis Varoufakis,Jacob Moe (Translator),9781847924445,hardcover,to-read,2022/09/19,"","",0,"",,,,,,,,,"",,"",No
IQ84,Haruki Murakami,"","",paperback,to-read,2024/08/15,"","",0,"",,,,,,,,,"",,"",No
The Midnight Feast,Lucy Foley,"",9780063003101,hardcover,to-read,2024/09/10,"","",0,"",,,,,,,,,"",,"",No
Conversations with Friends,Sally Rooney,"",9780451499066,paperback,read,2022/09/19,2022/08/11,2022/08/11,1,"",,"","","","","",4.0,"","","","",No
The Blind Assassin,Margaret Atwood,"",9781860498800,paperback,to-read,2024/09/10,"","",0,"",,,,,,,,,"",,"",No
"Tomorrow, and Tomorrow, and Tomorrow",Gabrielle Zevin,"",9780593321201,hardcover,to-read,2022/09/19,"","",0,"",,,,,,,,,"",,"",No
The Giver,Lois Lowry,"",9780385732550,paperback,read,2022/12/17,2022/12/19,2022/12/17-2022/12/19,1,"",,,,,,,,,"",,"",No
The Unexpected Joy of the Ordinary,Catherine Gray,"",9781783253371,hardcover,to-read,2022/09/19,"","",0,"",,,,,,,,,"",,"",No
"My Child, the Algorithm: An Alternatively Intelligent Book of Love",Hannah Silva,"",9781593767808,paperback,to-read,2024/10/07,"","",0,"",,,,,,,,,"",,"",No
We Are the Weather: Saving the Planet Begins at Breakfast,Jonathan Safran Foer,"",9780374280000,hardcover,to-read,2022/09/19,"","",0,"",,,,,,,,,"",,"",No
Just Kids,Patti Smith,"",9780066211312,hardcover,read,2024/01/07,"","",1,"",,,,,,,,,"",,"",No
The Midnight Library,Matt Haig,"",9780525559474,hardcover,read,2023/06/16,2023/06/27,2023/06/16-2023/06/27,1,"",,,,,,,,,"",,"",No
The Book Thief,Markus Zusak,"",9780375831003,hardcover,to-read,2022/09/26,"","",0,"",,,,,,,,,"",,"",No
"Why Fish Don't Exist: A Story of Loss, Love, and the Hidden Order of Life",Lulu Miller,Kate Samworth (Illustrator),9781501160349,paperback,to-read,2022/09/19,"","",0,"",,,,,,,,,"",,"",No
Tell the Machine Goodnight,Katie Williams,"",9780525533122,hardcover,to-read,2022/09/27,"","",0,"",,,,,,,,,"",,"",No
Autumn,Ali Smith,"",9780241207000,hardcover,to-read,2024/08/17,"","",0,"",,,,,,,,,"",,"",No
Factfulness: Ten Reasons We're Wrong About the World â€“ and Why Things Are Better Than You Think,Hans Rosling,"Anna Rosling RÃ¶nnlund, Ola Rosling",9781473637467,hardcover,did-not-finish,2022/09/19,"","",0,"",,,,,,,,,"",,"",No
A Gentle Reminder,Bianca Sparacino,"",9781949759297,paperback,to-read,2022/09/19,"","",0,"",,,,,,,,,"",,"",No
The Color Purple,Alice Walker,"",9780143135692,paperback,to-read,2024/01/07,"","",0,"",,,,,,,,,"",,"",No
The Invisible Life of Addie LaRue,V.E. Schwab,Julia Whelan (Narrator),9781250777959,audio,read,2024/09/16,2024/09/26,2024/09/16-2024/09/26,1,"",,"","","","","",3.75,"","","","",No
The Ministry of Time,Kaliane Bradley,"",9781399726344,hardcover,to-read,2024/08/30,"","",0,"",,,,,,,,,"",,"",No
The Night in Question,Tobias Wolff,"",9780679402183,hardcover,to-read,2022/10/07,"","",0,"",,,,,,,,,"",,"",No
Cloud Cuckoo Land,Anthony Doerr,"",9781982168438,hardcover,to-read,2024/06/17,"","",0,"",,,,,,,,,"",,"",No
The Name of the Wind,Patrick Rothfuss,"",9780756404079,hardcover,to-read,2022/09/20,"","",0,"",,,,,,,,,"",,"",No
How High We Go in the Dark,Sequoia Nagamatsu,"",9780063072640,hardcover,to-read,2022/09/19,"","",0,"",,,,,,,,,"",,"",No
The Inheritance Games,Jennifer Lynn Barnes,"",9781368052405,hardcover,to-read,2022/09/19,"","",0,"",,,,,,,,,"",,"",No
Broadway: A History of New York City in Thirteen Miles,Fran Leadon,"",9780393240108,hardcover,to-read,2024/04/29,"","",0,"",,,,,,,,,"",,"",No
I Feel Bad About My Neck: And Other Thoughts on Being a Woman,Nora Ephron,"",9780307264558,hardcover,read,2022/09/26,2022/09/26,2022/09/25-2022/09/26,1,"",,,,,,,,,"",,"",No
"In Other Rooms, Other Wonders",Daniyal Mueenuddin,"",9780393068009,hardcover,to-read,2023/12/23,"","",0,"",,,,,,,,,"",,"",No
Mad About You,Mhairi McFarlane,"",9780008412456,paperback,to-read,2023/03/31,"","",0,"",,,,,,,,,"",,"",No
The Kamogawa Food Detectives,Hisashi Kashiwai,Jesse Kirkwood (Translator),9781035009572,hardcover,to-read,2024/07/04,"","",0,"",,,,,,,,,"",,"",No
If We Were Villains,M.L. Rio,"",9781250095282,hardcover,read,2023/10/15,2024/09/07,2024/09/02-2024/09/07,1,"dark, mysterious",fast,"","","","","",4.0,"","","","",No
Good Economics for Hard Times: Better Answers to Our Biggest Problems,"Abhijit V. Banerjee, Esther Duflo",James M. Loree (Narrator),9781549128837,audio,to-read,2024/06/17,"","",0,"",,,,,,,,,"",,"",No
"The 3 Alarms: A Simple System to Transform Your Health, Wealth, and Relationships Forever",Eric Partaker,"",0990378527,digital,to-read,2023/03/31,"","",0,"",,,,,,,,,"",,"",No
We Should All Be Feminists,Chimamanda Ngozi Adichie,"",9781101872932,digital,read,2022/09/19,2022,2022,1,"",,,,,,,5.0,"","","","",Yes
Half-Arse Human: How to live better without burning out,Leena Norms,"",9781399820318,digital,to-read,2024/10/08,"","",0,"",,,,,,,,,"",,"",No
The Architecture of Happiness,Alain de Botton,"",9780375424434,hardcover,to-read,2022/09/19,"","",0,"",,,,,,,,,"",,"",No
Days at the Morisaki Bookshop,Satoshi Yagisawa,"Eric Ozawa (Translator), Susan Momoko Hingley (Narrator)",9780063278691,audio,currently-reading,2024/10/12,"","",0,"",,,,,,,,,"",,"",No
Starbound,Brenda Hiatt,"",,digital,read,2022/09/30,"","",1,"",,,,,,,,,"",,"",No
Four Thousand Weeks: Time Management for Mortals,Oliver Burkeman,"",9780374159122,hardcover,did-not-finish,2022/09/19,"","",0,"",,,,,,,,,"",,"",No
The Secret History,Donna Tartt,"",9781400031702,paperback,did-not-finish,2022/09/19,"","",0,"",,,,,,,,,"",,"",Yes
First Comes Love,Tom Rasmussen,"",9781526626875,hardcover,to-read,2022/09/27,"","",0,"",,,,,,,,,"",,"",No
All's Well,Mona Awad,"",9781982169664,hardcover,to-read,2023/03/31,"","",0,"",,,,,,,,,"",,"",No
The Djinn Waits a Hundred Years,Shubnum Khan,"",9780593653456,hardcover,to-read,2024/04/10,"","",0,"",,,,,,,,,"",,"",No
The Denial of Death,Ernest Becker,Sam Keen (Contributor),9780684832401,paperback,to-read,2024/03/18,"","",0,"",,,,,,,,,"",,"",No
Less,Andrew Sean Greer,"",9780316316125,hardcover,to-read,2022/09/19,"","",0,"",,,,,,,,,"",,"",No
The Reader,Bernhard Schlink,Carol Brown Janeway,9780375408267,hardcover,to-read,2024/06/15,"","",0,"",,,,,,,,,"",,"",No
Thinking in Bets: Making Smarter Decisions When You Don't Have All the Facts,Annie Duke,"",9780735216358,hardcover,read,2024/05/24,2024/05/24,2024/05/20-2024/05/24,1,"",,,,,,,,,"",,"",No
Writers & Lovers,Lily King,"",9780802148537,hardcover,to-read,2022/09/19,"","",0,"",,,,,,,,,"",,"",No
Sourdough,Robin Sloan,"",9780374203108,hardcover,"","","","","","","","","","","","","","","","","",Yes
An Elephant in the Garden,Michael Morpurgo,"",9780312593698,hardcover,"","","","","","","","","","","","","","","","","",Yes
